hashtag,date,uses
あいしてるの予測変換晒そう,2025-11-07 00:00:00+00:00,0
valve,2025-11-07 00:00:00+00:00,4
MeerMittwoch,2025-11-07 00:00:00+00:00,2
steamframe,2025-11-07 00:00:00+00:00,0
aurora,2025-11-07 00:00:00+00:00,12
NorthernLights,2025-11-07 00:00:00+00:00,7
過去一しょうもない事自慢した奴が優勝,2025-11-07 00:00:00+00:00,0
steammachine,2025-11-07 00:00:00+00:00,0
ThursdayFiveList,2025-11-07 00:00:00+00:00,3
むいちゃんを揃えよう,2025-11-07 00:00:00+00:00,0
〇〇があるならもあるよね,2025-11-07 00:00:00+00:00,0
ThrowbackThursday,2025-11-07 00:00:00+00:00,12
musiquinta,2025-11-07 00:00:00+00:00,28
steamcontroller,2025-11-07 00:00:00+00:00,0
doorsday,2025-11-07 00:00:00+00:00,3
AuroraBorealis,2025-11-07 00:00:00+00:00,2
リアの数だけ好きな曲を言え見た人も,2025-11-07 00:00:00+00:00,0
名作のタイトルを組み合わせて壮大にする,2025-11-07 00:00:00+00:00,0
remodelasongorpoem,2025-11-07 00:00:00+00:00,0
mashupbandsandreligion,2025-11-07 00:00:00+00:00,0
NorthernLights,2025-11-08 00:00:00+00:00,2
MeerMittwoch,2025-11-08 00:00:00+00:00,0
名作のタイトルを組み合わせて壮大にする,2025-11-08 00:00:00+00:00,0
musiquinta,2025-11-08 00:00:00+00:00,1
remodelasongorpoem,2025-11-08 00:00:00+00:00,0
過去一しょうもない事自慢した奴が優勝,2025-11-08 00:00:00+00:00,0
aurora,2025-11-08 00:00:00+00:00,6
doorsday,2025-11-08 00:00:00+00:00,0
valve,2025-11-08 00:00:00+00:00,4
ThursdayFiveList,2025-11-08 00:00:00+00:00,0
あいしてるの予測変換晒そう,2025-11-08 00:00:00+00:00,0
steamframe,2025-11-08 00:00:00+00:00,0
ThrowbackThursday,2025-11-08 00:00:00+00:00,1
steammachine,2025-11-08 00:00:00+00:00,0
mashupbandsandreligion,2025-11-08 00:00:00+00:00,0
むいちゃんを揃えよう,2025-11-08 00:00:00+00:00,0
steamcontroller,2025-11-08 00:00:00+00:00,0
〇〇があるならもあるよね,2025-11-08 00:00:00+00:00,0
リアの数だけ好きな曲を言え見た人も,2025-11-08 00:00:00+00:00,0
AuroraBorealis,2025-11-08 00:00:00+00:00,0
NorthernLights,2025-11-09 00:00:00+00:00,1
mashupbandsandreligion,2025-11-09 00:00:00+00:00,0
steamcontroller,2025-11-09 00:00:00+00:00,0
musiquinta,2025-11-09 00:00:00+00:00,0
過去一しょうもない事自慢した奴が優勝,2025-11-09 00:00:00+00:00,0
ThursdayFiveList,2025-11-09 00:00:00+00:00,1
AuroraBorealis,2025-11-09 00:00:00+00:00,0
remodelasongorpoem,2025-11-09 00:00:00+00:00,0
ThrowbackThursday,2025-11-09 00:00:00+00:00,0
むいちゃんを揃えよう,2025-11-09 00:00:00+00:00,0
〇〇があるならもあるよね,2025-11-09 00:00:00+00:00,0
あいしてるの予測変換晒そう,2025-11-09 00:00:00+00:00,0
aurora,2025-11-09 00:00:00+00:00,5
リアの数だけ好きな曲を言え見た人も,2025-11-09 00:00:00+00:00,6
steammachine,2025-11-09 00:00:00+00:00,0
steamframe,2025-11-09 00:00:00+00:00,0
名作のタイトルを組み合わせて壮大にする,2025-11-09 00:00:00+00:00,0
valve,2025-11-09 00:00:00+00:00,2
MeerMittwoch,2025-11-09 00:00:00+00:00,0
doorsday,2025-11-09 00:00:00+00:00,0
remodelasongorpoem,2025-11-10 00:00:00+00:00,0
steammachine,2025-11-10 00:00:00+00:00,0
過去一しょうもない事自慢した奴が優勝,2025-11-10 00:00:00+00:00,0
むいちゃんを揃えよう,2025-11-10 00:00:00+00:00,0
doorsday,2025-11-10 00:00:00+00:00,1
aurora,2025-11-10 00:00:00+00:00,5
ThursdayFiveList,2025-11-10 00:00:00+00:00,0
valve,2025-11-10 00:00:00+00:00,7
musiquinta,2025-11-10 00:00:00+00:00,0
リアの数だけ好きな曲を言え見た人も,2025-11-10 00:00:00+00:00,0
MeerMittwoch,2025-11-10 00:00:00+00:00,0
AuroraBorealis,2025-11-10 00:00:00+00:00,3
名作のタイトルを組み合わせて壮大にする,2025-11-10 00:00:00+00:00,0
あいしてるの予測変換晒そう,2025-11-10 00:00:00+00:00,0
ThrowbackThursday,2025-11-10 00:00:00+00:00,0
mashupbandsandreligion,2025-11-10 00:00:00+00:00,0
〇〇があるならもあるよね,2025-11-10 00:00:00+00:00,0
steamframe,2025-11-10 00:00:00+00:00,0
NorthernLights,2025-11-10 00:00:00+00:00,2
steamcontroller,2025-11-10 00:00:00+00:00,0
steammachine,2025-11-11 00:00:00+00:00,0
むいちゃんを揃えよう,2025-11-11 00:00:00+00:00,0
ThrowbackThursday,2025-11-11 00:00:00+00:00,1
〇〇があるならもあるよね,2025-11-11 00:00:00+00:00,0
リアの数だけ好きな曲を言え見た人も,2025-11-11 00:00:00+00:00,0
名作のタイトルを組み合わせて壮大にする,2025-11-11 00:00:00+00:00,0
valve,2025-11-11 00:00:00+00:00,2
aurora,2025-11-11 00:00:00+00:00,30
ThursdayFiveList,2025-11-11 00:00:00+00:00,0
remodelasongorpoem,2025-11-11 00:00:00+00:00,0
NorthernLights,2025-11-11 00:00:00+00:00,5
musiquinta,2025-11-11 00:00:00+00:00,2
mashupbandsandreligion,2025-11-11 00:00:00+00:00,0
MeerMittwoch,2025-11-11 00:00:00+00:00,0
過去一しょうもない事自慢した奴が優勝,2025-11-11 00:00:00+00:00,0
doorsday,2025-11-11 00:00:00+00:00,0
AuroraBorealis,2025-11-11 00:00:00+00:00,4
あいしてるの予測変換晒そう,2025-11-11 00:00:00+00:00,0
steamframe,2025-11-11 00:00:00+00:00,0
steamcontroller,2025-11-11 00:00:00+00:00,1
remodelasongorpoem,2025-11-12 00:00:00+00:00,0
doorsday,2025-11-12 00:00:00+00:00,5
musiquinta,2025-11-12 00:00:00+00:00,2
名作のタイトルを組み合わせて壮大にする,2025-11-12 00:00:00+00:00,0
steamcontroller,2025-11-12 00:00:00+00:00,48
ThrowbackThursday,2025-11-12 00:00:00+00:00,2
ThursdayFiveList,2025-11-12 00:00:00+00:00,1
〇〇があるならもあるよね,2025-11-12 00:00:00+00:00,0
NorthernLights,2025-11-12 00:00:00+00:00,200
MeerMittwoch,2025-11-12 00:00:00+00:00,97
あいしてるの予測変換晒そう,2025-11-12 00:00:00+00:00,74
過去一しょうもない事自慢した奴が優勝,2025-11-12 00:00:00+00:00,0
aurora,2025-11-12 00:00:00+00:00,508
mashupbandsandreligion,2025-11-12 00:00:00+00:00,795
valve,2025-11-12 00:00:00+00:00,180
AuroraBorealis,2025-11-12 00:00:00+00:00,137
リアの数だけ好きな曲を言え見た人も,2025-11-12 00:00:00+00:00,0
steammachine,2025-11-12 00:00:00+00:00,137
むいちゃんを揃えよう,2025-11-12 00:00:00+00:00,0
steamframe,2025-11-12 00:00:00+00:00,90
valve,2025-11-13 00:00:00+00:00,103
リアの数だけ好きな曲を言え見た人も,2025-11-13 00:00:00+00:00,47
MeerMittwoch,2025-11-13 00:00:00+00:00,3
steammachine,2025-11-13 00:00:00+00:00,90
steamframe,2025-11-13 00:00:00+00:00,39
名作のタイトルを組み合わせて壮大にする,2025-11-13 00:00:00+00:00,29
NorthernLights,2025-11-13 00:00:00+00:00,40
aurora,2025-11-13 00:00:00+00:00,82
ThrowbackThursday,2025-11-13 00:00:00+00:00,26
あいしてるの予測変換晒そう,2025-11-13 00:00:00+00:00,3
steamcontroller,2025-11-13 00:00:00+00:00,21
過去一しょうもない事自慢した奴が優勝,2025-11-13 00:00:00+00:00,33
ThursdayFiveList,2025-11-13 00:00:00+00:00,23
AuroraBorealis,2025-11-13 00:00:00+00:00,34
musiquinta,2025-11-13 00:00:00+00:00,28
mashupbandsandreligion,2025-11-13 00:00:00+00:00,6
むいちゃんを揃えよう,2025-11-13 00:00:00+00:00,27
〇〇があるならもあるよね,2025-11-13 00:00:00+00:00,32
doorsday,2025-11-13 00:00:00+00:00,27
remodelasongorpoem,2025-11-13 00:00:00+00:00,496
